               epoch,      train/box_loss,      train/obj_loss,      train/cls_loss,   metrics/precision,      metrics/recall,     metrics/mAP_0.5,metrics/mAP_0.5:0.95,        val/box_loss,        val/obj_loss,        val/cls_loss,               x/lr0,               x/lr1,               x/lr2
                   0,              0.1264,            0.051108,            0.082524,                   0,                   0,                   0,                   0,             0.13764,            0.066265,            0.083729,               4e-05,               4e-05,             0.09964
                   1,             0.12238,            0.054611,            0.080968,                   0,                   0,                   0,                   0,             0.13593,            0.068357,             0.08202,          8.9996e-05,          8.9996e-05,             0.09919
                   2,             0.11996,            0.055093,            0.078386,                   0,                   0,                   0,                   0,             0.13301,            0.075323,            0.080067,          0.00013997,          0.00013997,             0.09874
                   3,             0.11477,            0.061711,            0.076946,                   0,                   0,                   0,                   0,             0.12806,            0.093698,            0.077652,          0.00018992,          0.00018992,             0.09829
                   4,             0.11154,             0.06775,            0.074387,                   0,                   0,                   0,                   0,              0.1202,             0.12228,            0.074794,          0.00023981,          0.00023981,             0.09784
                   5,             0.10857,            0.069198,             0.07176,           0.0037651,            0.032051,            0.002258,          0.00038779,             0.11221,             0.14248,             0.07167,          0.00028964,          0.00028964,             0.09739
                   6,             0.10273,            0.069388,            0.069433,           0.0060804,            0.057532,           0.0041248,               0.001,             0.10586,             0.14857,            0.068561,           0.0003394,           0.0003394,            0.096939
                   7,            0.098709,            0.080536,            0.066276,            0.019212,             0.12083,            0.011735,           0.0019402,             0.10057,             0.14824,            0.065662,          0.00038906,          0.00038906,            0.096489
                   8,            0.095902,            0.076579,            0.063675,            0.041777,             0.29005,            0.042716,           0.0083797,            0.094816,             0.14293,            0.063008,          0.00043861,          0.00043861,            0.096039
                   9,            0.089006,            0.079631,            0.061218,             0.35836,             0.23526,             0.10155,            0.026805,            0.088535,             0.13532,            0.060418,          0.00048804,          0.00048804,            0.095588
                  10,            0.086437,            0.070557,             0.05918,             0.60017,             0.39276,             0.12574,            0.037412,            0.080921,             0.12362,            0.057892,          0.00053734,          0.00053734,            0.095137
                  11,            0.079907,            0.069215,            0.056593,             0.37654,             0.26614,             0.12856,            0.031449,            0.075414,             0.11503,            0.055946,          0.00058649,          0.00058649,            0.094686
                  12,            0.077875,            0.069809,            0.054267,             0.39778,             0.41132,             0.17586,            0.056778,            0.069972,             0.10689,             0.05425,          0.00063547,          0.00063547,            0.094235
                  13,            0.075913,            0.064623,             0.05263,             0.54859,             0.30994,            0.068442,            0.017779,              0.0719,             0.10274,            0.051235,          0.00068427,          0.00068427,            0.093784
                  14,            0.073851,            0.062723,            0.050128,             0.63183,             0.29696,             0.18753,            0.052389,             0.06281,            0.096983,            0.048547,          0.00073287,          0.00073287,            0.093333
                  15,            0.069135,            0.062978,            0.046621,             0.64916,             0.24615,             0.18254,            0.068819,             0.07098,            0.094136,            0.046012,          0.00078127,          0.00078127,            0.092881
                  16,            0.068773,            0.060002,            0.045416,             0.65053,             0.29642,             0.20383,            0.064195,            0.054666,            0.093846,            0.044211,          0.00082944,          0.00082944,            0.092429
                  17,            0.066487,            0.056607,            0.044173,             0.63649,             0.34776,             0.20003,            0.060809,            0.055561,            0.094481,            0.043134,          0.00087738,          0.00087738,            0.091977
                  18,             0.06645,            0.055747,             0.04219,             0.65915,             0.35417,             0.23289,            0.089256,            0.055744,            0.093956,            0.041467,          0.00092507,          0.00092507,            0.091525
                  19,            0.065176,            0.058444,            0.041384,             0.64829,             0.19631,             0.13519,            0.038715,            0.065917,            0.090245,            0.040201,          0.00097249,          0.00097249,            0.091072
                  20,            0.064622,            0.055307,            0.041667,             0.68982,             0.27772,               0.226,            0.089162,            0.059926,            0.089595,            0.039351,           0.0010196,           0.0010196,             0.09062
                  21,             0.06319,            0.055044,             0.04039,             0.69415,             0.25712,             0.23429,            0.066782,            0.050299,            0.093394,            0.038593,           0.0010665,           0.0010665,            0.090166
                  22,            0.062055,            0.056529,            0.040166,             0.68258,             0.26587,             0.18178,            0.051432,            0.053323,            0.091779,            0.037705,            0.001113,            0.001113,            0.089713
                  23,            0.063174,             0.05622,            0.039996,             0.72771,             0.24054,             0.22203,            0.097251,            0.056959,            0.091043,            0.037867,           0.0011593,           0.0011593,            0.089259
                  24,            0.061463,            0.055207,            0.039514,             0.67945,             0.38558,             0.24586,            0.094793,            0.057374,             0.08915,            0.037469,           0.0012052,           0.0012052,            0.088805
                  25,            0.062619,            0.052788,            0.038624,             0.70745,             0.21474,             0.21803,            0.057282,            0.054128,            0.091429,            0.037254,           0.0012507,           0.0012507,            0.088351
                  26,            0.061008,            0.051083,            0.038144,             0.66784,             0.26507,             0.19455,            0.078565,            0.055499,            0.090571,            0.037299,           0.0012959,           0.0012959,            0.087896
                  27,            0.061954,            0.055901,            0.038819,             0.63643,             0.29273,             0.15582,            0.044289,            0.059573,            0.090568,            0.036991,           0.0013407,           0.0013407,            0.087441
                  28,            0.062499,            0.054226,            0.037786,             0.69963,             0.30175,             0.22942,            0.078526,            0.063789,            0.089371,            0.036187,           0.0013852,           0.0013852,            0.086985
                  29,            0.063207,             0.05054,            0.038499,             0.66202,             0.32881,              0.1845,            0.042746,            0.062965,             0.08825,            0.035825,           0.0014292,           0.0014292,            0.086529
                  30,             0.05957,            0.050628,            0.037439,             0.74653,             0.30962,              0.2619,             0.10675,            0.054411,            0.090818,            0.035395,           0.0014729,           0.0014729,            0.086073
                  31,            0.059483,            0.049341,            0.038299,             0.72842,             0.30288,             0.27166,             0.11974,            0.055605,            0.090128,            0.035202,           0.0015161,           0.0015161,            0.085616
                  32,            0.058553,             0.05301,            0.037166,             0.68581,             0.37308,             0.23102,             0.06866,            0.052766,            0.088888,            0.034734,           0.0015589,           0.0015589,            0.085159
                  33,            0.056017,            0.050475,            0.037486,             0.73337,             0.24658,             0.29312,            0.096209,            0.056621,            0.086769,            0.034247,           0.0016012,           0.0016012,            0.084701
                  34,            0.060403,            0.051326,            0.036046,             0.67238,             0.30994,             0.24291,            0.075901,            0.063177,            0.086366,            0.034036,           0.0016431,           0.0016431,            0.084243
                  35,            0.057752,            0.051238,             0.03738,             0.80351,             0.32228,             0.34382,             0.14005,            0.046515,            0.089969,            0.033816,           0.0016845,           0.0016845,            0.083784
                  36,            0.058906,            0.053121,            0.035041,             0.24273,             0.68333,             0.40281,             0.16969,            0.046878,            0.092961,            0.033658,           0.0017254,           0.0017254,            0.083325
                  37,            0.060526,            0.053061,            0.036563,             0.83227,             0.39824,             0.46027,             0.19804,            0.054024,            0.090312,            0.033326,           0.0017659,           0.0017659,            0.082866
                  38,            0.058382,            0.054652,             0.03581,              0.7847,             0.37879,              0.4645,             0.16208,            0.068245,            0.090362,            0.032864,           0.0018058,           0.0018058,            0.082406
                  39,            0.055639,            0.047913,            0.035521,             0.82795,              0.3164,             0.42267,             0.16636,            0.053828,            0.088814,            0.032161,           0.0018452,           0.0018452,            0.081945
                  40,            0.057513,            0.052368,            0.035071,             0.78576,              0.2872,               0.396,             0.14755,            0.049958,            0.089977,            0.031605,           0.0018842,           0.0018842,            0.081484
                  41,            0.059453,            0.051371,            0.034418,             0.82544,             0.41074,             0.46197,             0.18286,            0.054803,            0.092277,            0.031005,           0.0019225,           0.0019225,            0.081023
                  42,            0.056276,            0.050844,            0.034018,             0.77356,             0.39592,             0.43542,             0.18632,             0.04672,            0.089596,            0.030736,           0.0019604,           0.0019604,             0.08056
                  43,            0.056212,            0.052374,            0.034161,             0.87465,             0.42383,             0.50992,             0.24332,            0.049459,            0.087196,            0.030509,           0.0019977,           0.0019977,            0.080098
                  44,            0.055001,            0.048588,            0.032437,             0.81063,             0.42346,             0.45478,             0.16066,            0.048837,            0.090624,            0.030276,           0.0020344,           0.0020344,            0.079634
                  45,            0.053037,            0.049039,            0.032334,             0.86482,             0.41082,             0.49353,             0.19225,            0.049507,            0.086738,            0.029462,           0.0020705,           0.0020705,            0.079171
                  46,            0.056853,            0.053782,            0.031432,             0.87861,             0.36635,             0.50692,             0.17622,            0.057309,            0.090996,            0.028911,           0.0021061,           0.0021061,            0.078706
                  47,            0.055618,            0.050767,            0.031156,             0.89189,             0.43622,             0.45995,             0.21578,            0.055366,            0.086632,            0.027813,           0.0021411,           0.0021411,            0.078241
                  48,            0.056616,            0.049124,             0.03115,             0.88554,             0.40417,             0.50745,             0.23537,            0.042945,            0.089696,            0.027174,           0.0021755,           0.0021755,            0.077775
                  49,            0.056313,             0.04954,            0.029377,             0.82743,             0.42981,             0.40928,             0.19824,            0.047334,            0.089727,            0.026037,           0.0022093,           0.0022093,            0.077309
                  50,            0.055738,            0.049987,            0.027654,             0.31999,             0.66421,             0.55292,             0.22893,             0.04257,            0.092419,            0.025033,           0.0022424,           0.0022424,            0.076842
                  51,            0.054067,             0.04729,            0.027413,               0.884,             0.39791,             0.52306,             0.20399,             0.04379,            0.088114,             0.02343,            0.002275,            0.002275,            0.076375
                  52,            0.057201,            0.047646,            0.026231,              0.8361,             0.44216,             0.42471,             0.21076,            0.048414,            0.088249,            0.023302,           0.0023069,           0.0023069,            0.075907
                  53,            0.055533,            0.052034,            0.025236,             0.55612,             0.66409,             0.51611,              0.2149,             0.05318,            0.089526,            0.022126,           0.0023382,           0.0023382,            0.075438
                  54,            0.054791,            0.050551,            0.023405,             0.60116,             0.65984,             0.56303,             0.24411,            0.054625,            0.088758,            0.021147,           0.0023688,           0.0023688,            0.074969
                  55,            0.053568,            0.051695,            0.022716,             0.53601,             0.66667,             0.48287,              0.1994,            0.059011,            0.084657,            0.019272,           0.0023988,           0.0023988,            0.074499
                  56,            0.055829,             0.04971,             0.02298,             0.82409,             0.41058,              0.4682,             0.20293,            0.053559,            0.089468,            0.020154,           0.0024281,           0.0024281,            0.074028
                  57,            0.051335,            0.049471,              0.0225,             0.52682,             0.66597,             0.48691,             0.21729,            0.056566,            0.087372,            0.019033,           0.0024568,           0.0024568,            0.073557
                  58,            0.052855,            0.046565,            0.022463,               0.796,             0.56419,             0.55219,             0.24258,            0.051991,            0.087672,            0.019378,           0.0024848,           0.0024848,            0.073085
                  59,             0.05483,            0.048362,            0.021597,             0.61217,             0.66026,             0.54362,             0.25932,            0.043618,            0.087687,            0.018012,           0.0025121,           0.0025121,            0.072612
                  60,             0.05283,            0.048667,            0.019413,             0.27911,             0.74942,             0.52711,             0.23693,            0.053525,            0.086116,            0.016054,           0.0025387,           0.0025387,            0.072139
                  61,            0.052727,            0.048286,            0.020088,             0.63988,             0.65991,             0.56506,             0.27646,            0.050395,            0.087601,            0.016926,           0.0025647,           0.0025647,            0.071665
                  62,            0.052752,            0.049713,            0.019627,              0.8285,             0.46737,              0.5964,             0.26692,            0.068042,            0.096999,            0.018327,             0.00259,             0.00259,             0.07119
                  63,            0.051005,            0.046826,            0.020102,             0.58641,             0.64744,              0.4448,             0.19477,            0.059698,             0.09396,            0.018722,           0.0026146,           0.0026146,            0.070715
                  64,             0.05359,            0.046452,            0.019073,             0.59164,             0.57028,             0.49578,             0.23951,            0.053272,            0.089357,            0.017939,           0.0026384,           0.0026384,            0.070238
                  65,            0.052311,            0.045075,            0.018771,             0.65602,             0.71049,             0.60169,             0.26274,            0.048363,            0.091988,            0.016328,           0.0026616,           0.0026616,            0.069762
                  66,            0.051895,            0.046929,            0.019235,              0.8298,             0.66621,             0.66081,             0.26753,            0.039834,            0.085571,            0.014265,           0.0026841,           0.0026841,            0.069284
                  67,            0.050759,             0.04965,            0.019404,             0.59201,                0.75,             0.59523,             0.28461,            0.047241,            0.086452,            0.013598,           0.0027058,           0.0027058,            0.068806
                  68,            0.051738,             0.04638,            0.018178,             0.55868,             0.66667,             0.53834,             0.25922,            0.045011,            0.091824,            0.013985,           0.0027269,           0.0027269,            0.068327
                  69,            0.051951,            0.046833,            0.018286,             0.75584,             0.66666,             0.65559,             0.29272,            0.045503,            0.086381,            0.013294,           0.0027472,           0.0027472,            0.067847
                  70,            0.049639,            0.044172,            0.017397,             0.73208,             0.66667,             0.63536,              0.2819,            0.042801,            0.085868,            0.012753,           0.0027669,           0.0027669,            0.067367
                  71,            0.050438,            0.044436,            0.017355,             0.34811,             0.74359,             0.53789,             0.28839,            0.050452,            0.084598,            0.013215,           0.0027858,           0.0027858,            0.066886
                  72,            0.050697,            0.045476,             0.01754,             0.87113,              0.6243,             0.64279,              0.3061,            0.039215,            0.093927,            0.015278,           0.0028039,           0.0028039,            0.066404
                  73,            0.045594,            0.044093,            0.017453,              0.8332,             0.65379,             0.63714,             0.28273,            0.038751,            0.085318,            0.013237,           0.0028214,           0.0028214,            0.065921
                  74,            0.048007,            0.043479,            0.017024,             0.81671,             0.64683,             0.62934,              0.2789,            0.047511,            0.085146,            0.012458,           0.0028381,           0.0028381,            0.065438
                  75,            0.047394,            0.043188,             0.01684,              0.8779,             0.56288,             0.60364,             0.27642,            0.035392,            0.084919,            0.012931,           0.0028541,           0.0028541,            0.064954
                  76,            0.046908,             0.04406,            0.015455,             0.82252,             0.74907,              0.6977,             0.31912,            0.043344,            0.086162,            0.011989,           0.0028694,           0.0028694,            0.064469
                  77,            0.047307,            0.045365,            0.016282,             0.77409,             0.66147,             0.64734,             0.27209,            0.047097,            0.089647,            0.012373,            0.002884,            0.002884,            0.063984
                  78,            0.048085,            0.044145,            0.017188,             0.86248,             0.66019,             0.67855,             0.37054,            0.037901,            0.084681,             0.01189,           0.0028979,           0.0028979,            0.063498
                  79,            0.047903,            0.043706,            0.016984,             0.87971,             0.66655,             0.66258,             0.27225,            0.045006,            0.086023,            0.012223,            0.002911,            0.002911,            0.063011
                  80,            0.046597,            0.047519,            0.016966,             0.85748,             0.66667,             0.68054,             0.35138,            0.043919,            0.084786,            0.012113,           0.0029234,           0.0029234,            0.062523
                  81,            0.046468,            0.042176,            0.016928,             0.77278,             0.71005,              0.6676,             0.36089,            0.053069,            0.093033,            0.016111,            0.002935,            0.002935,            0.062035
                  82,            0.047414,            0.047869,            0.017086,             0.74888,             0.74375,             0.66932,             0.25591,            0.047318,            0.085195,             0.01209,            0.002946,            0.002946,            0.061546
                  83,            0.047735,            0.045284,            0.017554,             0.70855,             0.74936,              0.6672,             0.30942,            0.038929,             0.08761,            0.011639,           0.0029563,           0.0029563,            0.061056
                  84,            0.046228,            0.043537,            0.016368,             0.88629,             0.64914,             0.66313,             0.32501,            0.037839,            0.086024,            0.011715,           0.0029658,           0.0029658,            0.060566
                  85,            0.044532,            0.041693,            0.017427,             0.90975,              0.6533,             0.67596,             0.35698,            0.039198,            0.086497,            0.011598,           0.0029746,           0.0029746,            0.060075
                  86,            0.047393,            0.044343,            0.014811,             0.77262,             0.74375,             0.65885,             0.29587,            0.034668,            0.087178,            0.011474,           0.0029827,           0.0029827,            0.059583
                  87,            0.043315,            0.043992,            0.016124,             0.84262,             0.73691,             0.69393,             0.35022,             0.03394,            0.084649,            0.011333,           0.0029901,           0.0029901,             0.05909
                  88,            0.045465,             0.04235,            0.015223,             0.88072,              0.7174,             0.68797,              0.3509,            0.035034,            0.086424,            0.012295,           0.0029968,           0.0029968,            0.058597
                  89,            0.045439,            0.044605,            0.015489,               0.884,              0.7373,             0.69815,             0.35727,            0.034616,            0.083166,            0.012084,           0.0030028,           0.0030028,            0.058103
                  90,            0.046249,            0.043349,            0.015825,             0.88312,               0.743,              0.6968,             0.32013,            0.039928,             0.08483,            0.011636,           0.0030081,           0.0030081,            0.057608
                  91,            0.042957,            0.044726,            0.015141,             0.89518,             0.74314,             0.69628,             0.34733,            0.038575,            0.084407,            0.011317,           0.0030127,           0.0030127,            0.057113
                  92,            0.044869,            0.044393,            0.016072,              0.7838,             0.64102,             0.62002,             0.32172,            0.041372,            0.084605,            0.011218,           0.0030166,           0.0030166,            0.056617
                  93,            0.043082,            0.044575,            0.015364,             0.88876,             0.64761,             0.66027,             0.40346,            0.041542,            0.084373,             0.01132,           0.0030199,           0.0030199,             0.05612
                  94,            0.046111,            0.042818,            0.015958,             0.69376,             0.70561,              0.5978,             0.31532,            0.047161,            0.087548,            0.011384,           0.0030224,           0.0030224,            0.055622
                  95,            0.044141,             0.04296,            0.015662,             0.73646,             0.68105,             0.61968,             0.33304,             0.03698,            0.098042,            0.011623,           0.0030243,           0.0030243,            0.055124
                  96,            0.041865,            0.040053,            0.015287,             0.78131,             0.73734,             0.67034,             0.35548,            0.034088,            0.083687,            0.010411,           0.0030256,           0.0030256,            0.054626
                  97,            0.043131,            0.044475,            0.015678,             0.82452,             0.74327,             0.68472,             0.41686,            0.035841,            0.081946,            0.010646,           0.0030261,           0.0030261,            0.054126
                  98,            0.044684,            0.039715,            0.015654,             0.82125,             0.74326,             0.68117,             0.33852,            0.037162,            0.087255,            0.010726,           0.0030261,           0.0030261,            0.053626
                  99,            0.041016,            0.046134,            0.014816,             0.83736,             0.74359,             0.66304,             0.36054,            0.034498,            0.084879,           0.0099972,           0.0030254,           0.0030254,            0.053125
                 100,             0.05977,            0.045429,            0.013817,             0.64943,             0.70473,             0.53651,             0.23433,            0.057075,             0.08706,            0.011098,            0.003024,            0.003024,            0.052624
                 101,            0.056978,            0.054997,            0.015747,             0.78039,             0.34151,             0.33905,            0.098565,             0.04578,            0.083866,            0.010949,            0.003022,            0.003022,            0.052122
                 102,            0.056941,            0.046069,            0.016113,             0.73193,             0.74319,             0.67188,             0.26725,            0.048731,             0.08638,            0.010699,           0.0030194,           0.0030194,            0.051619
                 103,             0.05479,            0.043477,            0.015945,             0.81725,             0.74144,             0.67785,              0.2846,            0.041111,            0.081737,            0.011395,           0.0030162,           0.0030162,            0.051116
                 104,             0.05252,            0.043833,            0.014403,             0.73455,             0.73109,              0.6552,             0.31164,            0.053026,            0.083388,            0.010843,           0.0030124,           0.0030124,            0.050612
                 105,            0.055928,            0.039284,            0.016102,              0.6694,             0.73093,              0.6181,              0.2946,            0.036021,            0.084754,            0.011514,            0.003008,            0.003008,            0.050108
                 106,            0.050055,            0.041757,            0.015809,              0.6563,             0.72468,             0.63111,             0.25932,            0.048115,            0.085103,            0.010631,            0.003003,            0.003003,            0.049603
                 107,            0.053691,            0.041345,            0.015558,             0.88356,             0.72404,             0.69236,             0.30789,            0.046699,            0.086423,            0.010618,           0.0029974,           0.0029974,            0.049097
                 108,             0.05169,            0.040926,            0.015524,              0.8415,             0.72848,             0.68119,             0.32179,            0.047816,            0.083119,            0.010602,           0.0029913,           0.0029913,            0.048591
                 109,            0.047666,            0.040754,            0.015855,               0.775,             0.72468,             0.66642,             0.35633,            0.043163,            0.085577,            0.011246,           0.0029846,           0.0029846,            0.048085
                 110,            0.053435,            0.044649,            0.016849,             0.68718,             0.72468,             0.62928,             0.34626,            0.041052,             0.08571,            0.011481,           0.0029773,           0.0029773,            0.047577
                 111,            0.050808,            0.041417,            0.015629,             0.86847,             0.72468,             0.69136,             0.34179,            0.043923,             0.08349,            0.011047,           0.0029696,           0.0029696,             0.04707
                 112,            0.053761,            0.045018,            0.016007,             0.69558,             0.72435,             0.64913,             0.31595,            0.043986,            0.084615,            0.010896,           0.0029613,           0.0029613,            0.046561
                 113,            0.052404,            0.041552,            0.013999,             0.90721,             0.72158,             0.68668,             0.37311,            0.039637,            0.085047,            0.011299,           0.0029525,           0.0029525,            0.046052
                 114,            0.047711,            0.043699,            0.014882,             0.90904,             0.72383,             0.69449,             0.33599,            0.037651,            0.082172,            0.010769,           0.0029431,           0.0029431,            0.045543
                 115,            0.044535,            0.043623,            0.014292,             0.76516,             0.64135,             0.58364,             0.28427,            0.041439,            0.085182,            0.010677,           0.0029333,           0.0029333,            0.045033
                 116,            0.048169,            0.042368,            0.014887,             0.92668,             0.72434,             0.69605,             0.33747,            0.038641,            0.084763,            0.010868,           0.0029231,           0.0029231,            0.044523
                 117,            0.045871,            0.043041,            0.014774,             0.87732,             0.64135,             0.59621,              0.2882,            0.048725,            0.083305,            0.010484,           0.0029123,           0.0029123,            0.044012
                 118,            0.049643,            0.041936,            0.014841,             0.91196,             0.71743,             0.68997,             0.28791,            0.041624,            0.082318,            0.010637,           0.0029011,           0.0029011,            0.043501
                 119,            0.045364,            0.039028,            0.014877,             0.86867,             0.71827,             0.67127,             0.31298,            0.033612,            0.083449,            0.010605,           0.0028895,           0.0028895,            0.042989
                 120,            0.048134,            0.040771,            0.015206,             0.90397,             0.73109,             0.69563,             0.36671,            0.035071,            0.083927,             0.01059,           0.0028774,           0.0028774,            0.042477
                 121,            0.047385,            0.042883,            0.014571,             0.91173,             0.73109,             0.69379,             0.38479,             0.03545,            0.083813,            0.010599,           0.0028649,           0.0028649,            0.041965
                 122,            0.047294,            0.042443,            0.014321,             0.85606,             0.72468,             0.68731,             0.38241,            0.044007,             0.08314,            0.010207,           0.0028521,           0.0028521,            0.041452
                 123,            0.048278,             0.04171,            0.014176,             0.91498,              0.7241,             0.69742,             0.39685,            0.034384,            0.082347,            0.010712,           0.0028388,           0.0028388,            0.040939
                 124,            0.045623,            0.043911,            0.015116,             0.91145,             0.70547,             0.69883,              0.4033,            0.042822,            0.082577,            0.010881,           0.0028252,           0.0028252,            0.040425
                 125,            0.045114,            0.042192,            0.014266,             0.92608,             0.70232,             0.69864,             0.35992,            0.042291,             0.08643,            0.012045,           0.0028112,           0.0028112,            0.039911
                 126,            0.044828,            0.042687,            0.014596,              0.8362,             0.73093,             0.68417,             0.27797,            0.045042,            0.084072,            0.011047,           0.0027968,           0.0027968,            0.039397
                 127,            0.042209,            0.044302,            0.014402,              0.8635,             0.73093,             0.68514,              0.3063,            0.043002,            0.083819,            0.010376,           0.0027822,           0.0027822,            0.038882
                 128,            0.046508,            0.039691,            0.013951,             0.85518,             0.70529,             0.64916,             0.32381,            0.042173,            0.083182,            0.010702,           0.0027672,           0.0027672,            0.038367
                 129,            0.040115,            0.040643,            0.014778,             0.90564,             0.62226,             0.65968,             0.37796,            0.041748,             0.10662,            0.015573,           0.0027519,           0.0027519,            0.037852
                 130,            0.043969,            0.041795,            0.013697,             0.91831,             0.61107,              0.6475,             0.37688,            0.047942,             0.11403,            0.017703,           0.0027364,           0.0027364,            0.037336
                 131,            0.039349,             0.04118,             0.01371,             0.91013,             0.64811,             0.68411,             0.40345,            0.034978,            0.088281,            0.012884,           0.0027205,           0.0027205,            0.036821
                 132,            0.042607,            0.036455,            0.014406,             0.92444,             0.70782,             0.69616,             0.39907,            0.036759,            0.083976,            0.011258,           0.0027045,           0.0027045,            0.036304
                 133,            0.043385,            0.042582,            0.013474,             0.90224,             0.72962,              0.7039,             0.32079,            0.032678,            0.082742,            0.010106,           0.0026882,           0.0026882,            0.035788
                 134,            0.044125,            0.042658,              0.0132,             0.93003,             0.73113,             0.70734,             0.37226,            0.028524,            0.082201,            0.010062,           0.0026716,           0.0026716,            0.035272
                 135,             0.04135,            0.042308,            0.013799,             0.92369,             0.72167,             0.70522,             0.37691,            0.033335,            0.082474,           0.0099967,           0.0026549,           0.0026549,            0.034755
                 136,            0.046838,            0.040793,            0.014284,             0.90082,             0.59017,             0.62274,             0.33574,            0.056185,             0.13322,            0.018007,            0.002638,            0.002638,            0.034238
                 137,            0.039879,            0.042349,            0.013527,             0.91971,             0.71334,             0.69662,             0.40483,            0.035166,            0.083379,           0.0099344,           0.0026209,           0.0026209,            0.033721
                 138,            0.042175,            0.043111,            0.012773,             0.92634,             0.72829,             0.70696,             0.34738,            0.040497,            0.083318,            0.010024,           0.0026037,           0.0026037,            0.033204
                 139,             0.03968,             0.03918,            0.013256,             0.90245,             0.73062,             0.70489,             0.37197,            0.038523,            0.084482,            0.010062,           0.0025863,           0.0025863,            0.032686
                 140,            0.043675,             0.03911,             0.01378,             0.91968,             0.73361,             0.70855,             0.38931,            0.029637,            0.083231,            0.010287,           0.0025688,           0.0025688,            0.032169
                 141,             0.03733,            0.037904,            0.013193,             0.92713,             0.73466,             0.70655,              0.3716,            0.032963,            0.082862,            0.010216,           0.0025512,           0.0025512,            0.031651
                 142,            0.040591,            0.037735,            0.012294,             0.84866,              0.7218,             0.68888,             0.33555,            0.031364,            0.083552,            0.010127,           0.0025335,           0.0025335,            0.031134
                 143,            0.042265,            0.040419,            0.012787,             0.85832,             0.73262,             0.69344,             0.36338,             0.03273,            0.082107,           0.0099559,           0.0025158,           0.0025158,            0.030616
                 144,            0.040003,            0.039996,            0.013205,             0.85695,             0.73718,             0.68991,              0.3434,            0.035631,            0.082314,           0.0096553,            0.002498,            0.002498,            0.030098
                 145,            0.041831,            0.041767,            0.014116,             0.92717,             0.73266,             0.70264,             0.34005,             0.02822,            0.082453,           0.0099665,           0.0024802,           0.0024802,             0.02958
                 146,            0.038826,             0.04068,            0.013132,             0.92832,             0.72993,             0.70725,             0.31522,            0.031113,             0.08316,            0.010053,           0.0024624,           0.0024624,            0.029062
                 147,            0.037721,            0.039873,            0.013028,             0.85777,             0.73073,              0.6872,             0.32818,            0.031615,             0.08347,            0.010063,           0.0024446,           0.0024446,            0.028545
                 148,            0.038765,            0.040112,            0.012887,             0.85011,             0.71888,             0.68785,              0.3618,            0.029763,            0.082346,            0.010011,           0.0024268,           0.0024268,            0.028027
                 149,            0.039519,             0.04064,            0.013546,             0.86211,             0.71624,              0.6827,             0.36915,            0.026269,            0.082638,           0.0099286,            0.002409,            0.002409,            0.027509
                 150,            0.039196,            0.042646,            0.012763,             0.86347,             0.72054,             0.68517,             0.39791,            0.029605,            0.083346,           0.0099153,           0.0023914,           0.0023914,            0.026991
                 151,            0.035474,            0.038718,            0.012796,             0.86484,             0.72496,             0.68405,              0.3473,             0.03437,            0.083436,           0.0097762,           0.0023738,           0.0023738,            0.026474
                 152,            0.038209,            0.036381,            0.012414,             0.85979,             0.73705,             0.68156,             0.35676,            0.033425,             0.08194,           0.0096912,           0.0023563,           0.0023563,            0.025956
                 153,            0.038332,            0.037723,            0.012605,             0.93536,             0.63843,             0.67073,             0.34974,            0.029788,             0.08224,           0.0095852,           0.0023389,           0.0023389,            0.025439
                 154,            0.035042,            0.040267,            0.012403,             0.86398,             0.73091,             0.68412,             0.33725,            0.030693,            0.083354,           0.0097411,           0.0023217,           0.0023217,            0.024922
                 155,            0.036463,            0.037306,            0.012568,             0.86321,             0.73172,             0.69124,             0.36036,            0.028537,            0.081776,           0.0099136,           0.0023046,           0.0023046,            0.024405
                 156,            0.036124,            0.037562,            0.012835,             0.92866,             0.72533,             0.70962,              0.3744,            0.033345,            0.082115,            0.009771,           0.0022877,           0.0022877,            0.023888
                 157,            0.039259,             0.04075,              0.0124,             0.93009,             0.70043,             0.70588,             0.36505,            0.032522,            0.084085,           0.0098969,            0.002271,            0.002271,            0.023371
                 158,            0.034744,             0.03815,             0.01216,             0.93374,             0.70726,             0.70832,             0.33523,            0.032036,            0.083884,           0.0098371,           0.0022545,           0.0022545,            0.022854
                 159,            0.032823,            0.038572,            0.012878,             0.92569,             0.73269,             0.71712,             0.34543,            0.030749,            0.083985,           0.0093849,           0.0022382,           0.0022382,            0.022338
                 160,            0.037994,            0.039338,             0.01225,             0.92707,              0.7327,             0.72592,             0.39387,            0.033327,            0.083164,            0.009392,           0.0022222,           0.0022222,            0.021822
                 161,            0.033509,            0.039312,             0.01201,             0.92866,             0.71322,             0.71509,             0.33111,            0.035725,            0.087699,           0.0092043,           0.0022065,           0.0022065,            0.021306
                 162,            0.039525,            0.041745,            0.012341,             0.92997,             0.72021,             0.72497,             0.30415,            0.035973,            0.087599,           0.0092314,            0.002191,            0.002191,            0.020791
                 163,            0.035671,            0.040114,             0.01236,             0.91246,             0.69878,             0.71169,             0.27373,            0.042142,            0.089562,           0.0092321,           0.0021759,           0.0021759,            0.020276
                 164,            0.041662,            0.039457,            0.012028,             0.92993,             0.70432,             0.72051,             0.33407,            0.041915,            0.084037,           0.0092142,           0.0021611,           0.0021611,            0.019761
                 165,            0.036627,            0.039622,              0.0116,             0.93278,             0.69913,             0.70773,             0.37156,            0.034621,             0.08452,           0.0088336,           0.0021466,           0.0021466,            0.019247
                 166,            0.036093,            0.038298,             0.01182,             0.93119,             0.68647,             0.70421,             0.34262,            0.036005,            0.084444,           0.0088303,           0.0021326,           0.0021326,            0.018733
                 167,            0.034724,             0.03779,            0.012009,             0.93101,             0.69816,             0.70203,             0.36604,            0.026556,            0.083659,           0.0090025,           0.0021189,           0.0021189,            0.018219
                 168,             0.03587,            0.039994,            0.011838,              0.9327,             0.71662,             0.70467,             0.38495,             0.03004,            0.083326,           0.0092197,           0.0021056,           0.0021056,            0.017706
                 169,            0.035965,            0.040148,            0.011573,             0.86991,             0.70955,              0.6897,             0.37339,            0.029435,            0.083247,           0.0093473,           0.0020927,           0.0020927,            0.017193
                 170,            0.038063,             0.04239,            0.011505,             0.93049,             0.66509,             0.71461,             0.38403,            0.031377,            0.082886,           0.0094857,           0.0020803,           0.0020803,             0.01668
                 171,            0.032948,            0.036833,            0.011617,              0.8672,              0.7081,             0.70852,             0.33574,            0.031922,             0.08375,           0.0092403,           0.0020684,           0.0020684,            0.016168
                 172,            0.033658,            0.038258,            0.011559,             0.86596,             0.73036,             0.73309,             0.38902,            0.028538,            0.083886,           0.0090426,           0.0020569,           0.0020569,            0.015657
                 173,            0.033696,            0.038426,            0.012181,             0.86563,             0.73472,             0.72933,             0.41866,             0.02511,            0.084057,           0.0087925,            0.002046,            0.002046,            0.015146
                 174,            0.037458,            0.039265,            0.011945,             0.86719,             0.72778,              0.7283,             0.40256,            0.025993,            0.084816,           0.0089492,           0.0020355,           0.0020355,            0.014636
                 175,            0.032939,            0.037399,            0.011442,              0.8586,             0.73043,             0.73093,             0.38765,            0.031015,            0.084455,           0.0085223,           0.0020256,           0.0020256,            0.014126
                 176,            0.036393,            0.037657,            0.012331,             0.85811,             0.72365,             0.73196,             0.39765,            0.030377,            0.085143,           0.0082899,           0.0020163,           0.0020163,            0.013616
                 177,            0.035103,            0.037291,            0.011289,             0.80475,             0.66847,             0.69117,             0.36908,            0.030924,             0.10098,           0.0091612,           0.0020076,           0.0020076,            0.013108
                 178,            0.034773,             0.04048,            0.011466,             0.86364,             0.70467,             0.72263,             0.38075,            0.033282,            0.085232,           0.0083499,           0.0019994,           0.0019994,            0.012599
                 179,            0.037581,            0.039891,            0.011015,             0.86447,             0.73302,             0.70476,             0.39701,            0.031463,            0.083096,           0.0085359,           0.0019919,           0.0019919,            0.012092
                 180,            0.032786,            0.036494,            0.011396,             0.86351,             0.73632,              0.7067,             0.33205,            0.034655,            0.082803,           0.0084031,            0.001985,            0.001985,            0.011585
                 181,            0.033764,            0.037535,            0.011733,             0.86466,             0.73229,             0.71444,             0.36855,            0.031076,            0.082685,           0.0082979,           0.0019787,           0.0019787,            0.011079
                 182,            0.033257,            0.039249,             0.01101,             0.86515,             0.71562,             0.75406,             0.38747,            0.030799,            0.083458,           0.0083533,           0.0019732,           0.0019732,            0.010573
                 183,            0.031459,            0.033307,            0.010993,             0.85876,             0.69715,              0.7721,             0.43787,            0.031842,            0.084267,           0.0082102,           0.0019683,           0.0019683,            0.010068
                 184,            0.034784,            0.036832,             0.01101,             0.85913,             0.70781,             0.76512,             0.41392,            0.032629,            0.084855,           0.0081281,           0.0019641,           0.0019641,           0.0095641
                 185,            0.036198,            0.036598,            0.011339,              0.9244,             0.63127,             0.76378,              0.4266,            0.030096,            0.083013,           0.0081253,           0.0019607,           0.0019607,           0.0090607
                 186,            0.034716,            0.034962,            0.010691,             0.92906,              0.6332,              0.7642,             0.42293,            0.029693,            0.083062,           0.0084745,            0.001958,            0.001958,            0.008558
                 187,             0.03484,             0.03622,            0.011632,             0.92806,             0.63568,             0.75992,              0.4155,            0.030293,            0.082102,           0.0084821,            0.001956,            0.001956,            0.008056
                 188,            0.033224,            0.036067,            0.010528,              0.9295,             0.63468,             0.74469,             0.39784,             0.03147,            0.082443,           0.0082505,           0.0019549,           0.0019549,           0.0075549
                 189,            0.034631,            0.038843,            0.011221,             0.82527,             0.72854,             0.70538,             0.41647,            0.028344,            0.082711,           0.0082192,           0.0019545,           0.0019545,           0.0070545
                 190,            0.031718,            0.037986,               0.011,             0.92617,             0.64183,             0.74912,             0.35944,            0.034342,            0.084997,           0.0082634,            0.001955,            0.001955,            0.006555
                 191,            0.031938,            0.036954,            0.010821,             0.92426,             0.63863,              0.7434,             0.40108,            0.032253,            0.082936,           0.0080587,           0.0019563,           0.0019563,           0.0060563
                 192,            0.033344,            0.038301,            0.010369,             0.92742,             0.62962,             0.75627,             0.40401,            0.033741,            0.082768,           0.0081159,           0.0019584,           0.0019584,           0.0055584
                 193,            0.034553,               0.039,            0.010743,             0.83016,             0.72839,             0.75818,             0.41112,            0.029475,            0.082174,           0.0081037,           0.0019614,           0.0019614,           0.0050614
                 194,            0.031503,            0.035056,             0.01091,             0.82284,             0.73016,             0.76448,             0.41566,            0.026484,            0.083056,           0.0080755,           0.0019653,           0.0019653,           0.0045653
                 195,            0.031663,            0.038612,            0.010663,             0.86933,             0.72146,              0.8056,             0.44702,            0.031138,             0.08246,           0.0079807,           0.0019701,           0.0019701,           0.0040701
                 196,            0.031625,            0.040741,            0.010747,             0.86864,               0.727,             0.81325,             0.43081,             0.03323,              0.0839,            0.008202,           0.0019758,           0.0019758,           0.0035758
                 197,            0.031068,            0.034045,            0.010404,             0.65303,             0.89559,             0.83566,              0.4186,             0.03215,             0.08415,           0.0080974,           0.0019824,           0.0019824,           0.0030824
                 198,             0.03434,            0.036956,            0.010485,             0.86888,             0.73141,             0.83423,             0.42876,            0.034207,            0.085128,           0.0080271,             0.00199,             0.00199,             0.00259
                 199,            0.032228,            0.039825,            0.010497,             0.92994,             0.71769,              0.8367,             0.38271,            0.035794,            0.090188,            0.008115,           0.0019985,           0.0019985,           0.0020985
